sample,tissue,labels_model_dim160_ts39_dp15,nn_suggested_tissue,nn_suggested_confidence,nn_model_agree,top5_celltypes_by_row_z,srx_link,summary_5_words,tissue_guess
ERX9138751,other,respiratory system,lung,1.0,False,"[('Endothelial cell|Capillary EC', 15.709205368710562), ('Epithelial cell|Epithelial cell of lung|Aerocyte', 9.243363759354173), ('Endothelial cell|Arterial EC', 4.153785625081669), ('Immune cell|Lymphoid cell|T/NK cell|T cell|CD8 T cell|Memory CD8 T cell|GZMB CD8 T cell', 2.6476859731030715), ('Immune cell|Myeloid cell|Macrophage|Tissue resident macrophage|Alveolar macrophage', 1.712865499461182)]",,,
SRX25390955,other,heart,embryo,1.0,False,"[('Fibroblast', 18.875235356316146), ('Immune cell|Lymphoid cell|T/NK cell|Cycling T/NK cell', 3.9464881653414015), ('Fibroblast|Cycling fibroblast', 0.6808247173156754), ('Immune cell|Erythrocyte/Megakaryocyte|Red blood cell|Erythroblast|Early SOX4+ erythroblast', 0.3076060375413061), ('Epithelial cell|Mesothelial cell|Cycling mesothelial cell', 0.12099669765412144)]",,,
SRX22519686,other,large intestine,embryo,1.0,False,"[('Epithelial cell|Epithelial cell of ovary|CLDN3+ epithelial cell', 18.272511347220533), ('Immune cell|Lymphoid cell|T/NK cell|Cycling T/NK cell', 6.160884928631555), ('Immune cell|Erythrocyte/Megakaryocyte|Red blood cell', 0.6285186798031384), ('Immune cell|Lymphoid cell|B cell|Plasma cell', 0.12635005106332742), ('Fibroblast', 0.07528205492029584)]",,,
SRX22048687,other,brain,central nervous system,1.0,False,"[('Fibroblast', 18.260622311098444), ('Immune cell|Myeloid cell|Macrophage', 4.481620504541487), ('Immune cell|Lymphoid cell|B cell|B cell precursor|ProB cell', 2.3169434835718152), ('Immune cell|Myeloid cell|Dendritic cell|cDC', 2.233686675072984), ('Immune cell|Myeloid cell|Monocyte', 2.1088014623247324)]",,,
SRX24158631,other,eye,eye,1.0,True,"[('Fibroblast|CFD+MGP+ fibroblast', 14.874730300767444), ('Epithelial cell|Epithelial cell of eye|Eye melanocyte', 7.767813923728473), ('Glial cell', 6.790758317065174), ('Perivascular cell|Pericyte', 4.972349271330704), ('Glial cell|Glial cell of brain|Astrocyte', 3.7704157869433184)]",,,
SRX20597858,other,large intestine,colon,1.0,False,"[('Epithelial cell|Epithelial cell of ovary|CLDN3+ epithelial cell', 18.526363776131717), ('Epithelial cell|Epithelial cell of breast|Mammary luminal progenitor|Cycling mammary luminal progenitor', 3.858660501885131), ('Epithelial cell|Epithelial cell of breast|Mammary luminal cell|Secretoglobin mammary luminal cell', 2.9079760304061866), ('Epithelial cell|Epithelial cell of bladder|Basal cell of bladder|DKK1+MMP1+ basal cell of bladder', 2.093103626281375), ('Epithelial cell|Epithelial cell of breast|Mammary luminal cell|KRT17 mammary luminal cell', 0.734982952740023)]",,,
ERX9138877,other,respiratory system,lung,1.0,False,"[('Epithelial cell|Epithelial cell of lung|Alveolar epithelial cell|AT2', 12.802116607544754), ('Immune cell|Myeloid cell|Granulocyte|Mast cell', 7.3528409119053215), ('Immune cell|Lymphoid cell|T/NK cell|T cell|CD8 T cell|Memory CD8 T cell|GZMB CD8 T cell', 5.878640723713007), ('Fibroblast|IGFBP6+APOD+ fibroblast', 5.66804069682839), ('Endothelial cell|Capillary EC', 4.378115532160121)]",,,
SRX20598018,other,breast,breast,1.0,True,"[('Epithelial cell|Epithelial cell of breast|Mammary luminal progenitor|Cycling mammary luminal progenitor', 19.21968349544599), ('Immune cell|Lymphoid cell|T/NK cell|Cycling T/NK cell', 1.4154886291847693), ('Epithelial cell|Epithelial cell of breast|Mammary luminal cell|Secretoglobin mammary luminal cell', 1.1284318690613206), ('Epithelial cell|Epithelial cell of breast|Mammary luminal cell|PIP mammary luminal cell', 0.12039533932549532), ('Epithelial cell|Epithelial cell of stomach|Surface mucous cell|Cycling surface mucous cell|S phase surface mucous cell', 0.04028647603523253)]",,,
SRX24400355,other,pancreas,skin of body,1.0,False,"[('Neuron', 16.31822081551125), ('Glial cell', 6.4784486921512325), ('Fibroblast', 6.175686472970924), ('Immune cell|Lymphoid cell|T/NK cell|Cycling T/NK cell', 3.0723737263727617), ('Fibroblast|Cycling fibroblast', 2.7979954652406094)]",,,
SRX20597939,other,breast,breast,1.0,True,"[('Epithelial cell|Epithelial cell of breast|Mammary luminal progenitor|Cycling mammary luminal progenitor', 19.29486037978199), ('Immune cell|Lymphoid cell|T/NK cell|Cycling T/NK cell', 0.7319232517546252), ('Epithelial cell|Epithelial cell of breast|Mammary luminal cell|Secretoglobin mammary luminal cell', 0.21022598959749353), ('Immune cell|Erythrocyte/Megakaryocyte|Red blood cell', 0.08691572763308084), ('Immune cell|Lymphoid cell|B cell|Plasma cell', -0.017423724798345905)]",,,
SRX24268266,other,brain,brain,1.0,True,"[('Neuron', 18.19493711333989), ('Epithelial cell|Mesothelial cell', 4.757039159898967), ('Immune cell|Lymphoid cell|T/NK cell|Cycling T/NK cell', 3.593422298008832), ('Epithelial cell|Epithelial cell of ovary|CLDN3+ epithelial cell', 1.8292289912721744), ('Epithelial cell|Epithelial cell of testis|Leydig cell|IL1RAPL1+ Leyding cell', 0.8157562405936701)]",,,
SRX19126993,other,heart,heart,1.0,True,"[('Muscle cell|Cardiomyocyte|Ventricular cardiomyocyte|Fetal ventricular cardiomyocyte', 19.143079522737587), ('Immune cell|Lymphoid cell|B cell|Plasma cell', 2.450891994680668), ('Immune cell|Erythrocyte/Megakaryocyte|Red blood cell', 0.34094396618615397), ('Epithelial cell|Epithelial cell of ovary|CLDN3+ epithelial cell', 0.20213159589046392), ('Epithelial cell|Mesothelial cell', 0.11190355519826457)]",,,
SRX20597885,other,breast,breast,1.0,True,"[('Epithelial cell|Epithelial cell of breast|Mammary luminal progenitor|Cycling mammary luminal progenitor', 12.734444825184148), ('Epithelial cell|Epithelial cell of breast|Mammary luminal cell|Secretoglobin mammary luminal cell', 11.927400838605937), ('Epithelial cell|Epithelial cell of breast|Mammary luminal cell|PIP mammary luminal cell', 6.944781443210007), ('Immune cell|Lymphoid cell|T/NK cell|Cycling T/NK cell', 2.8744726413372814), ('Epithelial cell|Epithelial cell of breast|Mammary luminal cell|KRT17 mammary luminal cell', 2.4183173445756836)]",,,
SRX21802524,other,large intestine,colon,1.0,False,"[('Epithelial cell|Epithelial cell of intestine|Transit-amplifying cell', 19.312302884056745), ('Epithelial cell|Epithelial cell of stomach|Surface mucous cell|Cycling surface mucous cell|S phase surface mucous cell', 0.08164644432831672), ('Epithelial cell|Epithelial cell of intestine|Enterocyte', 0.03678488187171918), ('Epithelial cell|Epithelial cell of ovary|CLDN3+ epithelial cell', 0.021831027719520658), ('Immune cell|Hematopoietic precursor cell|MPP', -0.008076680584878369)]",,,
SRX20211165,other,large intestine,colon,1.0,False,"[('Epithelial cell|Epithelial cell of intestine|Transit-amplifying cell', 17.89782485764614), ('Immune cell|Myeloid cell|Macrophage', 6.125551716529346), ('Epithelial cell|Epithelial cell of intestine|Paneth cell', 3.0639137737137165), ('Epithelial cell|Epithelial cell of intestine|Enterocyte', 1.797759216449718), ('Epithelial cell|Epithelial cell of intestine|Goblet cell', 0.7941517580163788)]",,,
SRX25260118,other,stomach,stomach,1.0,True,"[('Epithelial cell|Epithelial cell of stomach|Surface mucous cell', 17.391854402582936), ('Immune cell|Lymphoid cell|B cell|Plasma cell', 4.696647575713247), ('Immune cell|Lymphoid cell|T/NK cell|T cell|CD4 T cell', 3.6977861248681703), ('Immune cell|Lymphoid cell|B cell', 3.0533593823874723), ('Epithelial cell|Epithelial cell of stomach|Surface mucous cell|Cycling surface mucous cell|G2/M phase surface mucous cell', 2.2478259542866024)]",,,
SRX26008879,other,eye,eye,1.0,True,"[('Neuron', 13.636927327221194), ('Neuron|Neuron of retina|Amacrine cell', 11.62017032961883), ('Neuron|Neuron of retina|Ganglion cell', 7.083776667479496), ('Neuron|Neuron of brain|Miscellaneous neuron|Splatter neuron', -0.01416029810803664), ('Immune cell|Lymphoid cell|T/NK cell|Cycling T/NK cell', -0.05082860715535156)]",,,
SRX20597946,other,breast,breast,1.0,True,"[('Epithelial cell|Epithelial cell of breast|Mammary luminal progenitor|Cycling mammary luminal progenitor', 19.309327545427927), ('Immune cell|Lymphoid cell|T/NK cell|Cycling T/NK cell', 0.27519349676925303), ('Epithelial cell|Epithelial cell of breast|Mammary luminal cell|Secretoglobin mammary luminal cell', 0.07874636711782393), ('Immune cell|Erythrocyte/Megakaryocyte|Red blood cell', 0.046890075822999464), ('Epithelial cell|Epithelial cell of intestine|Transit-amplifying cell', 0.04158069394052736)]",,,
SRX15449737,other,vasculature,peripheral nervous system,1.0,False,"[('Germ cell|Oocyte|Mitotic oocyte', 19.309852926520637), ('Fibroblast', 0.2975691098640032), ('Immune cell|Lymphoid cell|B cell|Plasma cell', -0.006440348458919156), ('Immune cell|Erythrocyte/Megakaryocyte|Red blood cell', -0.006440348458919156), ('Immune cell|Hematopoietic precursor cell|MPP', -0.006440348458919156)]",,,
SRX24005728,other,skeletal system,embryo,1.0,False,"[('Immune cell|Hematopoietic precursor cell|MPP', 17.73234597904396), ('Immune cell|Lymphoid cell|B cell|Plasma cell', 7.4301884989002795), ('Germ cell|Oocyte|Mitotic oocyte', 1.1142929583096832), ('Immune cell|Lymphoid cell|T/NK cell|Cycling T/NK cell', 0.8036751448380145), ('Immune cell|Erythrocyte/Megakaryocyte|Red blood cell', 0.4930573313663459)]",,,
SRX24003763,other,brain,brain,1.0,True,"[('Neuron', 16.622346083524345), ('Glial cell', 7.7944731304356845), ('Immune cell|Lymphoid cell|T/NK cell|Cycling T/NK cell', 3.788674615763606), ('Fibroblast', 2.911933808778776), ('Fibroblast|Cycling fibroblast', 2.4886796260964434)]",,,
SRX22825959,other,breast,breast,1.0,True,"[('Immune cell|Lymphoid cell|T/NK cell|Cycling T/NK cell', 18.815830565982473), ('Immune cell|Lymphoid cell|B cell|Plasma cell', 3.1228635449832582), ('Immune cell|Erythrocyte/Megakaryocyte|Red blood cell', 2.9038527330959893), ('Fibroblast|Myofibroblast', 0.15779409174024883), ('Fibroblast|CFD+MGP+ fibroblast|CXCL14+ fibroblast|CXCL14+POSTN+ fibroblast', 0.08198265685619613)]",,,
SRX19050866,other,blood,blood,1.0,True,"[('Immune cell|Myeloid cell|Monocyte', 10.729286729521721), ('Immune cell|Lymphoid cell|T/NK cell|T cell|CD4 T cell|Naive CD4 T cell', 10.176737142707564), ('Immune cell|Lymphoid cell|T/NK cell|T cell|CD4 T cell', 7.797704199479933), ('Immune cell|Lymphoid cell|T/NK cell|T cell|CD8 T cell|Memory CD8 T cell|GZMB CD8 T cell', 7.490732206805404), ('Immune cell|Lymphoid cell|B cell', 3.975902890682004)]",,,
SRX20597917,other,heart,embryo,1.0,False,"[('Epithelial cell|Epithelial cell of ovary|CLDN3+ epithelial cell', 17.66471497179136), ('Immune cell|Lymphoid cell|T/NK cell|Cycling T/NK cell', 6.19106200916116), ('Epithelial cell|Epithelial cell of bladder|Basal cell of bladder|DKK1+MMP1+ basal cell of bladder', 2.1197657966149634), ('Epithelial cell|Epithelial cell of lung|Alveolar epithelial cell|AT2|Cycling AT2', 2.1197657966149634), ('Epithelial cell|Mesothelial cell|Cycling mesothelial cell', 2.1197657966149634)]",,,
ERX8792224,other,liver,liver,1.0,True,"[('Immune cell|Lymphoid cell|T/NK cell|T cell|CD4 T cell|Memory CD4 T cell', 17.620564156921397), ('Immune cell|Lymphoid cell|T/NK cell|T cell|CD8 T cell|Memory CD8 T cell|GZMK CD8 T cell', 5.302358314846751), ('Immune cell|Lymphoid cell|T/NK cell|T cell|abT (entry) cell', 2.998287125257726), ('Epithelial cell|Epithelial cell of intestine|Enterocyte', 2.983374043124465), ('Immune cell|Lymphoid cell|T/NK cell|NK cell|CD16 NK cell', 1.8574363420631648)]",,,
SRX22429701,other,blood,blood,1.0,True,"[('Immune cell|Lymphoid cell|T/NK cell|T cell|CD8 T cell|Memory CD8 T cell|GZMB CD8 T cell', 17.485078112377252), ('Immune cell|Lymphoid cell|T/NK cell|T cell|CD4 T cell|Naive CD4 T cell', 5.704946310673377), ('Immune cell|Lymphoid cell|T/NK cell|NK cell|CD56 NK cell', 3.62402482474365), ('Immune cell|Lymphoid cell|T/NK cell|T cell|CD4 T cell|Memory CD4 T cell', 2.812818143787993), ('Immune cell|Lymphoid cell|T/NK cell|T cell|CD8 T cell|Memory CD8 T cell|GZMK CD8 T cell', 2.0368813185260644)]",,,
ERX9138869,other,respiratory system,lung,1.0,False,"[('Immune cell|Myeloid cell|Macrophage|Tissue resident macrophage|Alveolar macrophage', 17.501793034787365), ('Immune cell|Myeloid cell|Macrophage|M1 macrophage', 6.9051194626657), ('Immune cell|Myeloid cell|Monocyte', 2.950577326624538), ('Immune cell|Lymphoid cell|T/NK cell|NK cell', 1.4062442839241052), ('Immune cell|Myeloid cell|Dendritic cell|cDC|cDC2', 1.1850897947995276)]",,,
SRX21409774,other,blood,blood,1.0,True,"[('Immune cell|Lymphoid cell|T/NK cell|T cell|CD4 T cell|Naive CD4 T cell', 17.15886275294044), ('Immune cell|Lymphoid cell|T/NK cell|T cell|CD4 T cell', 5.779979507733019), ('Immune cell|Lymphoid cell|B cell', 4.7086656850504065), ('Immune cell|Lymphoid cell|B cell|Memory B cell', 3.009868051939416), ('Immune cell|Myeloid cell|Monocyte', 2.795605287402894)]",,,
SRX19517408,other,skin,embryo,1.0,False,"[('Immune cell|Lymphoid cell|B cell|Plasma cell', 15.448453897974408), ('Immune cell|Lymphoid cell|T/NK cell|Cycling T/NK cell', 7.192978080981956), ('Immune cell|Hematopoietic precursor cell|MPP', 6.319802754184675), ('Neuron', 5.3672478522240095), ('Epithelial cell|Epithelial cell of ovary|CLDN3+ epithelial cell', 2.3508239960152286)]",,,
SRX19364977,other,skin,embryo,1.0,False,"[('Immune cell|Lymphoid cell|B cell|Plasma cell', 12.082347314845316), ('Immune cell|Hematopoietic precursor cell|MPP', 11.402336139923316), ('Neuron', 4.911320379304197), ('Immune cell|Erythrocyte/Megakaryocyte|Red blood cell', 4.169490006662011), ('Immune cell|Lymphoid cell|T/NK cell|T cell|CD4 T cell|Treg cell', 3.922213215781282)]",,,
SRX22429699,other,liver,liver,1.0,True,"[('Immune cell|Lymphoid cell|T/NK cell|T cell|CD4 T cell|Naive CD4 T cell', 14.989661985095715), ('Immune cell|Lymphoid cell|T/NK cell|T cell|CD8 T cell|Memory CD8 T cell|GZMB CD8 T cell', 6.8898157391895545), ('Immune cell|Lymphoid cell|T/NK cell|NK cell|CD56 NK cell', 6.389825230183001), ('Immune cell|Lymphoid cell|T/NK cell|T cell|CD4 T cell|Memory CD4 T cell', 3.3098836947026284), ('Immune cell|Lymphoid cell|T/NK cell|T cell|MAIT cell', 2.419900588670964)]",,,
SRX14961314,other,stomach,stomach,1.0,True,"[('Immune cell|Lymphoid cell|T/NK cell|T cell|CD4 T cell|Memory CD4 T cell', 14.9849971412898), ('Epithelial cell|Epithelial cell of intestine|Enterocyte', 8.498926992567336), ('Epithelial cell|Epithelial cell of stomach|Surface mucous cell|GKN1/2+ surface mucous cell', 8.37769203651645), ('Immune cell|Lymphoid cell|T/NK cell|T cell|CD4 T cell|Treg cell', 1.1642121514886647), ('Immune cell|Lymphoid cell|T/NK cell|T cell|CD8 T cell|Memory CD8 T cell', 0.7398898053105601)]",,,
SRX19453031,other,blood,blood,1.0,True,"[('Immune cell|Myeloid cell|Monocyte|CD14 monocyte', 12.449830113318145), ('Immune cell|Lymphoid cell|T/NK cell|NK cell|CD16 NK cell', 9.190654381009361), ('Immune cell|Lymphoid cell|T/NK cell|T cell|CD8 T cell|Memory CD8 T cell|GZMB CD8 T cell', 6.3110613645116365), ('Immune cell|Lymphoid cell|B cell|Naive B cell', 4.989066388755868), ('Immune cell|Lymphoid cell|B cell|Memory B cell', 4.190633779636044)]",,,
SRX17877705,other,liver,intestine,1.0,False,"[('Fibroblast', 19.16342479383297), ('Immune cell|Lymphoid cell|T/NK cell|Cycling T/NK cell', 1.944903282739617), ('Fibroblast|Cycling fibroblast', 0.8270156685693644), ('Embryonic cell|Mesodermal cell', 0.7774165594082278), ('Immune cell|Myeloid cell|Macrophage', 0.2928714160648063)]",,,
SRX20827782,other,eye,eye,1.0,True,"[('Neuron|Neuron of retina|Cone cell', 15.098381233036775), ('Neuron|Neuron of retina|Bipolar cell|Cone-OFF-bipolar cell', 7.453392452512561), ('Neuron|Neuron of retina|Amacrine cell', 4.869321910988947), ('Neuron|Neuron of retina|Ganglion cell', 4.322485406351172), ('Neuron|Neuron of retina|Rod cell', 3.8399826081413684)]",,,
SRX20112676,other,heart,embryo,1.0,False,"[('Fibroblast', 17.6132154214367), ('Fibroblast|PLAC9+ fibroblast', 5.707458133152925), ('Epithelial cell|Mesothelial cell', 5.354520664132655), ('Fibroblast|POSTN fibroblast', 0.36633776864617273), ('Epithelial cell|Epithelial cell of testis|Leydig cell|IL1RAPL1+ Leyding cell', 0.15457528723400865)]",,,
SRX19050874,other,blood,blood,1.0,True,"[('Immune cell|Lymphoid cell|T/NK cell|T cell|CD4 T cell|Naive CD4 T cell', 15.472842828974441), ('Immune cell|Lymphoid cell|B cell|Naive B cell', 8.232351052984999), ('Immune cell|Myeloid cell|Monocyte|CD14 monocyte', 6.864982919679676), ('Immune cell|Lymphoid cell|T/NK cell|T cell|CD8 T cell|Naive CD8 T cell', 3.2472598511190927), ('Immune cell|Lymphoid cell|T/NK cell|NK cell|CD16 NK cell', 1.5771533857166486)]",,,
SRX19364972,other,skeletal system,embryo,1.0,False,"[('Immune cell|Lymphoid cell|B cell|Plasma cell', 18.290129824033652), ('Immune cell|Hematopoietic precursor cell|MPP', 5.11518557419442), ('Neuron', 3.1001941006895994), ('Immune cell|Lymphoid cell|T/NK cell|Cycling T/NK cell', 1.162702299242653), ('Immune cell|Erythrocyte/Megakaryocyte|Red blood cell', 0.3877055786638755)]",,,
SRX15124662,other,kidney,kidney,1.0,True,"[('Epithelial cell|Epithelial cell of kidney|Renal epithelial cell - proximal tubules', 18.52603053651952), ('Epithelial cell|Epithelial cell of kidney|Renal epithelial cell - Loop of Henle', 4.978618720420082), ('Epithelial cell|Epithelial cell of kidney|Renal epithelial cell - distal tubules', 1.7122467015186353), ('Endothelial cell|Arterial EC', 0.8662028015408846), ('Endothelial cell|Venous EC', 0.4164073104134704)]",,,
SRX21157185,other,brain,central nervous system,1.0,False,"[('Neuron', 16.212337130052745), ('Glial cell', 10.433613766515538), ('Neuron|Neuron of retina|Amacrine cell', 0.3371208810362669), ('Glial cell|Glial cell of brain|Oligodendrocyte|Oligodendrocyte progenitor cell', 0.3081911019947799), ('Neuron|Neuron of brain|Miscellaneous neuron|Splatter neuron', 0.13461242774585191)]",,,
SRX24400345,other,skin,spinal cord,1.0,False,"[('Neuron', 16.52133222662734), ('Immune cell|Lymphoid cell|T/NK cell|Cycling T/NK cell', 7.486091230411665), ('Glial cell', 5.48076342825906), ('Fibroblast', 2.641760022964362), ('Epithelial cell|Epithelial cell of testis|Leydig cell|IL1RAPL1+ Leyding cell', 1.1321312280854336)]",,,
ERX9138817,other,respiratory system,lung,1.0,False,"[('Immune cell|Lymphoid cell|B cell|Plasma cell', 13.216591996142691), ('Immune cell|Lymphoid cell|T/NK cell|T cell|abT (entry) cell', 12.105721053025443), ('Immune cell|Myeloid cell|Macrophage|Tissue resident macrophage|Alveolar macrophage', 4.699914765577145), ('Epithelial cell|Epithelial cell of intestine|Goblet cell', 4.329624451204732), ('Immune cell|Myeloid cell|Dendritic cell|cDC', 1.7375922505978285)]",,,
SRX26776876,other,brain,brain,1.0,True,"[('Glial cell|Glial cell of brain|Oligodendrocyte|Oligodendrocyte progenitor cell', 17.64180879250805), ('Glial cell|Glial cell of brain|Oligodendrocyte', 6.297362206862813), ('Glial cell', 3.2839935825507935), ('Neuron', 3.1067366046500897), ('Neuron|Neuron of brain|Miscellaneous neuron|Splatter neuron', 0.270624958238777)]",,,
ERX8792203,other,bone marrow,bone marrow,1.0,True,"[('Immune cell|Lymphoid cell|T/NK cell|T cell|abT (entry) cell', 17.24278423453497), ('Immune cell|Lymphoid cell|B cell|Plasma cell', 5.62637968404252), ('Immune cell|Erythrocyte/Megakaryocyte|Red blood cell', 4.190644290161429), ('Immune cell|Lymphoid cell|T/NK cell|T cell|CD4 T cell|Naive CD4 T cell', 4.060122890717693), ('Immune cell|Lymphoid cell|B cell', 1.319173502399249)]",,,
SRX15444274,other,brain,brain,1.0,True,"[('Immune cell|Myeloid cell|Macrophage|Tissue resident macrophage|Microglia', 17.14992352149367), ('Immune cell|Myeloid cell|Macrophage', 8.809512848188758), ('Neuron', 0.5330133677827392), ('Immune cell|Myeloid cell|Macrophage|M1 macrophage', 0.1415573112770477), ('Immune cell|Lymphoid cell|T/NK cell|Cycling T/NK cell', 0.07764611837816056)]",,,
SRX17995800,other,brain,brain,1.0,True,"[('Neuron', 19.30742587331738), ('Neuron|Neuron of retina|Amacrine cell', 0.4176506228210072), ('Neuron|Neuron of retina|Ganglion cell', -0.002122160523357792), ('Epithelial cell|Endocrine cell', -0.03916093552432976), ('Glial cell', -0.042688437905374715)]",,,
SRX15444259,other,brain,brain,1.0,True,"[('Immune cell|Myeloid cell|Macrophage|Tissue resident macrophage|Microglia', 15.317074767388354), ('Immune cell|Myeloid cell|Macrophage', 11.713734800299964), ('Immune cell|Myeloid cell|Macrophage|M1 macrophage', 0.31621381744429505), ('Immune cell|Lymphoid cell|T/NK cell|T cell', 0.08121338480809674), ('Immune cell|Lymphoid cell|T/NK cell|T cell|CD8 T cell|Memory CD8 T cell|GZMK CD8 T cell', 0.04204664603539653)]",,,
SRX18207827,other,skin,embryo,1.0,False,"[('Immune cell|Hematopoietic precursor cell|MPP', 15.146105723498847), ('Immune cell|Lymphoid cell|B cell|Plasma cell', 10.445882420229864), ('Immune cell|Erythrocyte/Megakaryocyte|Red blood cell', 4.8711989675154905), ('Fibroblast', 1.7559346851162794), ('Immune cell|Lymphoid cell|T/NK cell|Cycling T/NK cell', 1.5919734070952678)]",,,
SRX15499617,other,blood,blood,1.0,True,"[('Immune cell|Lymphoid cell|T/NK cell|T cell|CD4 T cell|Naive CD4 T cell', 18.71913012758892), ('Immune cell|Lymphoid cell|B cell|Naive B cell', 3.5927932680932853), ('Immune cell|Lymphoid cell|T/NK cell|T cell|CD8 T cell|Naive CD8 T cell', 2.410706161851948), ('Immune cell|Lymphoid cell|T/NK cell|T cell|MAIT cell', 0.7908090162619669), ('Immune cell|Myeloid cell|Monocyte', 0.6813565064248049)]",,,
SRX19323787,other,blood,blood,1.0,True,"[('Immune cell|Hematopoietic precursor cell|GMP', 16.943964758977852), ('Immune cell|Hematopoietic precursor cell|EoBaMa Progenitor', 7.500301922992154), ('Immune cell|Erythrocyte/Megakaryocyte|Red blood cell|Erythroblast|Early SOX4+ erythroblast', 5.139386213995732), ('Immune cell|Myeloid cell|Granulocyte|Neutrophil|Neutrophil precursor|S100A+ preNeutrophil', 0.853416157663761), ('Immune cell|Hematopoietic precursor cell|MkP', 0.43571568607208727)]",,,
ERX9138903,other,respiratory system,lung,1.0,False,"[('Epithelial cell|Epithelial cell of lung|Airway basal cell', 10.735011386146642), ('Epithelial cell|Epithelial cell of lung|Alveolar epithelial cell|AT2', 10.614988240099626), ('Epithelial cell|Epithelial cell of intestine|Goblet cell', 6.654224420547982), ('Epithelial cell|Epithelial cell of lung|Club cell', 5.45399296007779), ('Immune cell|Myeloid cell|Macrophage|Tissue resident macrophage|Alveolar macrophage', 4.1337383535605765)]",,,
SRX20785553,other,breast,breast,1.0,True,"[('Epithelial cell|Epithelial cell of breast|Mammary luminal cell|PIP mammary luminal cell', 19.13534307398971), ('Perivascular cell|Pericyte', 1.3793257441227067), ('Epithelial cell|Epithelial cell of breast|Mammary luminal progenitor|Secretoglobin mammary luminal progenitor', 0.7763137231689189), ('Endothelial cell|Venous EC', 0.734520810825587), ('Epithelial cell|Epithelial cell of breast|Mammary luminal cell|Secretoglobin mammary luminal cell', 0.6927278984822551)]",,,
SRX17631300,other,heart,embryo,1.0,False,"[('Fibroblast', 13.53254803764263), ('Fibroblast|PLAC9+ fibroblast', 10.526440793292032), ('Fibroblast|Cycling fibroblast', 7.0506292920116485), ('Epithelial cell|Mesothelial cell', 5.0309009872135855), ('Immune cell|Lymphoid cell|T/NK cell|Cycling T/NK cell', 0.6783082063309481)]",,,
SRX21457723,other,vasculature,embryo,1.0,False,"[('Germ cell|Oocyte|Mitotic oocyte', 18.88627416053392), ('Fibroblast', 3.98191494589009), ('Immune cell|Erythrocyte/Megakaryocyte|Red blood cell', 0.07509632822287511), ('Immune cell|Lymphoid cell|B cell|Plasma cell', 0.02895280124255242), ('Embryonic cell|Trophoblast|Cytotrophoblast|Villous cytotrophoblast|Cycling villous cytotrophoblast', 0.013571625582446446)]",,,
ERX11662379,other,respiratory system,lung,1.0,False,"[('Epithelial cell|Epithelial cell of lung|Multiciliated cell', 14.290485187698417), ('Immune cell|Myeloid cell|Dendritic cell|cDC|cDC2', 6.205253320823681), ('Immune cell|Lymphoid cell|B cell|Memory B cell', 5.699926329144006), ('Immune cell|Lymphoid cell|T/NK cell|T cell|CD4 T cell|Memory CD4 T cell', 5.396730134136204), ('Immune cell|Lymphoid cell|T/NK cell|NK cell|CD16 NK cell', 5.093533939128403)]",,,
SRX15444271,other,brain,brain,1.0,True,"[('Immune cell|Myeloid cell|Macrophage|Tissue resident macrophage|Microglia', 16.647096767315734), ('Immune cell|Myeloid cell|Macrophage', 9.733482900969141), ('Neuron', 0.3512460175211162), ('Immune cell|Myeloid cell|Macrophage|M1 macrophage', 0.09409778657304894), ('Immune cell|Lymphoid cell|T/NK cell|Cycling T/NK cell', 0.04266814038343716)]",,,
SRX18085460,other,blood,blood,1.0,True,"[('Immune cell|Lymphoid cell|T/NK cell|NK cell|CD16 NK cell', 11.073285819830685), ('Immune cell|Lymphoid cell|T/NK cell|T cell|CD4 T cell|Memory CD4 T cell', 9.489715536142711), ('Immune cell|Lymphoid cell|T/NK cell|T cell|CD8 T cell|Memory CD8 T cell|GZMK CD8 T cell', 6.208723510462404), ('Immune cell|Myeloid cell|Monocyte', 5.360012639466242), ('Immune cell|Lymphoid cell|T/NK cell|T cell|CD4 T cell|Naive CD4 T cell', 5.297911844027497)]",,,
SRX18261688,other,small intestine,small intestine,1.0,True,"[('Epithelial cell|Epithelial cell of intestine|Enterocyte', 19.302551638150565), ('Epithelial cell|Epithelial cell of intestine|Enterocyte|BEST4 enterocyte', 0.5293083803530494), ('Epithelial cell|Epithelial cell of intestine|Transit-amplifying cell', 0.21816308228260028), ('Epithelial cell|Epithelial cell of intestine|Paneth cell', -0.041934940323165276), ('Epithelial cell|Epithelial cell of intestine|Colonocyte', -0.04922740824669149)]",,,
SRX25260119,other,stomach,stomach,1.0,True,"[('Epithelial cell|Epithelial cell of stomach|Surface mucous cell', 16.289808480761298), ('Epithelial cell|Epithelial cell of stomach|Surface mucous cell|CXCL2/3+ surface mucous cell', 5.337773071880223), ('Epithelial cell|Epithelial cell of intestine|Enterocyte', 4.258178132524965), ('Immune cell|Lymphoid cell|B cell|Plasma cell', 3.607819735323002), ('Epithelial cell|Epithelial cell of intestine|Microfold cell', 3.1135473534495106)]",,,
SRX20597863,other,heart,embryo,1.0,False,"[('Epithelial cell|Epithelial cell of ovary|CLDN3+ epithelial cell', 18.39315946612002), ('Immune cell|Lymphoid cell|T/NK cell|Cycling T/NK cell', 4.22290665813431), ('Epithelial cell|Epithelial cell of lung|Alveolar epithelial cell|AT2|Cycling AT2', 2.6826617877010825), ('Epithelial cell|Epithelial cell of bladder|Basal cell of bladder|MMP7+ basal cell of bladder', 1.7585148654411458), ('Epithelial cell|Epithelial cell of breast|Mammary luminal cell|KRT17 mammary luminal cell', 1.1424169172678544)]",,,
SRX24158629,other,skin,skin of body,1.0,False,"[('Fibroblast|POSTN fibroblast', 17.239353212237987), ('Immune cell|Erythrocyte/Megakaryocyte|Red blood cell', 5.271435882323765), ('Fibroblast', 4.76619398976802), ('Immune cell|Lymphoid cell|T/NK cell|Cycling T/NK cell', 3.8820206777954662), ('Fibroblast|CFD+MGP+ fibroblast', 2.7136488012603035)]",,,
ERX9138744,other,respiratory system,lung,1.0,False,"[('Epithelial cell|Epithelial cell of lung|Alveolar epithelial cell|AT2', 16.958912763261523), ('Immune cell|Myeloid cell|Macrophage|Tissue resident macrophage|Alveolar macrophage', 6.480966455375348), ('Epithelial cell|Epithelial cell of lung|Multiciliated cell', 4.365227297052175), ('Immune cell|Myeloid cell|Macrophage|M1 macrophage', 2.4509871061883577), ('Epithelial cell|Epithelial cell of intestine|Goblet cell', 1.9976144294048197)]",,,
SRX16239184,other,skeletal system,embryo,1.0,False,"[('Immune cell|Lymphoid cell|B cell|Plasma cell', 19.250474783777406), ('Immune cell|Hematopoietic precursor cell|MPP', 0.992614541117816), ('Epithelial cell|Epithelial cell of ovary|CLDN3+ epithelial cell', 0.8649371967635531), ('Immune cell|Lymphoid cell|T/NK cell|Cycling T/NK cell', 0.40210682347934956), ('Fibroblast', 0.3542278193465016)]",,,
SRX19517404,other,skeletal system,embryo,1.0,False,"[('Immune cell|Lymphoid cell|B cell|Plasma cell', 14.20819230620678), ('Immune cell|Hematopoietic precursor cell|MPP', 12.925099154110072), ('Neuron', 0.9790594621752093), ('Immune cell|Lymphoid cell|T/NK cell|Cycling T/NK cell', 0.89057027927199), ('Immune cell|Erythrocyte/Megakaryocyte|Red blood cell', 0.89057027927199)]",,,
SRX26008878,other,eye,eye,1.0,True,"[('Neuron', 14.531660162082106), ('Neuron|Neuron of retina|Ganglion cell', 9.246739329064505), ('Neuron|Neuron of retina|Amacrine cell', 8.63110458067361), ('Neuron|Neuron of brain|Miscellaneous neuron|Splatter neuron', -0.052813736417659594), ('Immune cell|Lymphoid cell|T/NK cell|Cycling T/NK cell', -0.0701555603159948)]",,,
SRX16311431,other,blood,blood,1.0,True,"[('Immune cell|Lymphoid cell|B cell|Naive B cell', 14.023038387242556), ('Immune cell|Lymphoid cell|T/NK cell|T cell|CD4 T cell|Naive CD4 T cell', 12.404548181266136), ('Immune cell|Myeloid cell|Monocyte|CD14 monocyte', 2.6430291264708496), ('Immune cell|Myeloid cell|Monocyte|CD14 monocyte|MHCII high CD14 monocyte', 2.406999304765956), ('Immune cell|Myeloid cell|Monocyte|CD14 monocyte|MHCII low CD14 monocyte', 2.322702939871351)]",,,
SRX20732925,other,breast,breast,1.0,True,"[('Epithelial cell|Epithelial cell of breast|Mammary luminal progenitor|SCGB3A1 mammary luminal progenitor', 9.832971973902545), ('Fibroblast|CXCL+ fibroblast', 7.471245818239877), ('Epithelial cell|Epithelial cell of breast|Mammary luminal progenitor|Secretoglobin mammary luminal progenitor', 6.89093596284848), ('Epithelial cell|Epithelial cell of breast|Mammary luminal cell|PIP mammary luminal cell', 6.283634951392364), ('Endothelial cell|Venous EC', 4.920581570124195)]",,,
SRX19333930,other,blood,blood,1.0,True,"[('Immune cell|Lymphoid cell|T/NK cell|T cell|CD4 T cell|Naive CD4 T cell', 12.09479422074572), ('Immune cell|Myeloid cell|Monocyte|CD14 monocyte', 11.986143558084876), ('Immune cell|Lymphoid cell|T/NK cell|T cell|CD4 T cell|Memory CD4 T cell', 4.960067372683657), ('Immune cell|Lymphoid cell|T/NK cell|T cell|CD4 T cell|Treg cell', 3.620042533199921), ('Immune cell|Lymphoid cell|T/NK cell|T cell|CD8 T cell|Memory CD8 T cell|GZMB CD8 T cell', 3.3303074327710074)]",,,
SRX16239185,other,skeletal system,embryo,1.0,False,"[('Immune cell|Lymphoid cell|B cell|Plasma cell', 18.289293879613023), ('Epithelial cell|Epithelial cell of ovary|CLDN3+ epithelial cell', 4.47103994156169), ('Immune cell|Hematopoietic precursor cell|MPP', 4.170643116821444), ('Neuron', 0.20540503025019344), ('Immune cell|Lymphoid cell|T/NK cell|Cycling T/NK cell', 0.14532566530214255)]",,,
SRX21802527,other,large intestine,colon,1.0,False,"[('Epithelial cell|Epithelial cell of intestine|Transit-amplifying cell', 19.28933310408611), ('Epithelial cell|Epithelial cell of liver|cholangiocyte|SPINK1+SGMS2+ cholangiocyte', 0.6999813570703813), ('Epithelial cell|Epithelial cell of intestine|Enterocyte', 0.5037136915664437), ('Epithelial cell|Epithelial cell of ovary|CLDN3+ epithelial cell', 0.02706364677116813), ('Epithelial cell|Epithelial cell of stomach|Surface mucous cell|Cycling surface mucous cell|S phase surface mucous cell', 0.02706364677116813)]",,,
SRX15444253,other,brain,brain,1.0,True,"[('Immune cell|Myeloid cell|Macrophage|Tissue resident macrophage|Microglia', 17.3972733919698), ('Immune cell|Myeloid cell|Macrophage', 7.3656655261482324), ('Immune cell|Lymphoid cell|T/NK cell|T cell|CD8 T cell|Memory CD8 T cell|GZMK CD8 T cell', 2.999390160089207), ('Immune cell|Lymphoid cell|T/NK cell|T cell|CD8 T cell|Memory CD8 T cell|GZMK CD8 T cell|GZMK+IL7R+ CD8 T cell', 1.3033989021985108), ('Immune cell|Lymphoid cell|T/NK cell|T cell|CD4 T cell|Memory CD4 T cell', 1.0508044595339354)]",,,
SRX18207838,other,skin,embryo,1.0,False,"[('Immune cell|Lymphoid cell|B cell|Plasma cell', 12.24405206313026), ('Immune cell|Erythrocyte/Megakaryocyte|Red blood cell', 11.41532892006952), ('Immune cell|Hematopoietic precursor cell|MPP', 8.92915949088731), ('Fibroblast', 2.6308636036257025), ('Immune cell|Lymphoid cell|T/NK cell|Cycling T/NK cell', 1.4706512033406707)]",,,
SRX19453020,other,blood,blood,1.0,True,"[('Immune cell|Lymphoid cell|T/NK cell|T cell|CD4 T cell|Naive CD4 T cell', 14.081923494896955), ('Immune cell|Lymphoid cell|T/NK cell|NK cell|CD16 NK cell', 9.30792948922909), ('Immune cell|Myeloid cell|Monocyte|CD14 monocyte', 7.448931823427552), ('Immune cell|Lymphoid cell|T/NK cell|T cell|CD8 T cell|Naive CD8 T cell', 3.42293687855557), ('Immune cell|Myeloid cell|Monocyte|CD16 monocyte', 2.388938176867137)]",,,
SRX24400333,other,skin,skin of body,1.0,False,"[('Neuron', 16.01288980059866), ('Glial cell', 7.060380615826953), ('Fibroblast', 6.214072799954459), ('Fibroblast|Cycling fibroblast', 3.053164090069232), ('Immune cell|Lymphoid cell|T/NK cell|Cycling T/NK cell', 3.0429676103599244)]",,,
SRX21802521,other,large intestine,colon,1.0,False,"[('Epithelial cell|Epithelial cell of intestine|Transit-amplifying cell', 19.305783452849496), ('Epithelial cell|Epithelial cell of intestine|Enterocyte', 0.4144753538649484), ('Epithelial cell|Epithelial cell of ovary|CLDN3+ epithelial cell', 0.151835519320972), ('Immune cell|Lymphoid cell|B cell|Plasma cell', 0.07679556659412105), ('Immune cell|Erythrocyte/Megakaryocyte|Red blood cell', 0.02051560204898384)]",,,
SRX19364970,other,skeletal system,embryo,1.0,False,"[('Immune cell|Lymphoid cell|B cell|Plasma cell', 18.638277333036005), ('Immune cell|Hematopoietic precursor cell|MPP', 3.523976113271332), ('Neuron', 3.3800303873688127), ('Immune cell|Lymphoid cell|T/NK cell|Cycling T/NK cell', 0.7170344581721813), ('Immune cell|Erythrocyte/Megakaryocyte|Red blood cell|Erythroblast|Early SOX4+ erythroblast', 0.3571701434158775)]",,,
SRX24534532,other,vasculature,embryo,1.0,False,"[('Germ cell|Oocyte|Mitotic oocyte', 19.265758865155817), ('Epithelial cell|Epithelial cell of ovary|CLDN3+ epithelial cell', 1.2312175128430034), ('Embryonic cell|Trophoblast|Syncytiotrophoblast|SLC13A4+ Syncytiotrophoblast', 0.339399533882479), ('Immune cell|Erythrocyte/Megakaryocyte|Red blood cell', 0.0421268742289715), ('Epithelial cell|Mesothelial cell', 0.0421268742289715)]",,,
SRX24158633,other,eye,eye,1.0,True,"[('Glial cell', 15.397741152372024), ('Fibroblast|CFD+MGP+ fibroblast', 10.835240579827662), ('Epithelial cell|Epithelial cell of eye|Eye melanocyte', 3.533175183859611), ('Perivascular cell|Pericyte', 1.435663608427452), ('Glial cell|Glial cell of brain|Astrocyte', 1.099153385203591)]",,,
SRX21542234,other,blood,blood,1.0,True,"[('Immune cell|Erythrocyte/Megakaryocyte|Red blood cell|Erythroblast|Early SOX4+ erythroblast', 10.01448019536517), ('Immune cell|Hematopoietic precursor cell|EoBaMa Progenitor', 8.77858714433273), ('Immune cell|Myeloid cell|Dendritic cell|cDC', 6.716238003959582), ('Immune cell|Hematopoietic precursor cell|CLP', 6.685909340130561), ('Immune cell|Hematopoietic precursor cell|GMP', 5.631988272072226)]",,,
SRX19326060,other,breast,breast,1.0,True,"[('Immune cell|Lymphoid cell|T/NK cell|Cycling T/NK cell', 18.98997155613365), ('Immune cell|Erythrocyte/Megakaryocyte|Red blood cell', 3.381542359902834), ('Immune cell|Lymphoid cell|B cell|Plasma cell', 0.6957883309272298), ('Epithelial cell|Epithelial cell of bladder|Basal cell of bladder|DKK1+MMP1+ basal cell of bladder', 0.05741852960754501), ('Epithelial cell|Epithelial cell of pancreas|Metallothionein+ epithelial cell', 0.017160974569366605)]",,,
SRX21945730,other,skeletal system,embryo,1.0,False,"[('Immune cell|Lymphoid cell|B cell|Plasma cell', 14.450057205337043), ('Immune cell|Lymphoid cell|T/NK cell|Cycling T/NK cell', 10.48051102024577), ('Immune cell|Hematopoietic precursor cell|MPP', 7.201320693431242), ('Neuron', 0.5997927986598893), ('Immune cell|Erythrocyte/Megakaryocyte|Red blood cell', 0.3840565929484058)]",,,
ERX11899900,other,breast,breast,1.0,True,"[('Epithelial cell|Epithelial cell of breast|Mammary luminal cell|KRT17 mammary luminal cell', 12.846600063377648), ('Endothelial cell|Capillary EC', 6.955393136554106), ('Fibroblast|CXCL+ fibroblast', 5.8989152986131), ('Endothelial cell|Venous EC', 5.79147687441571), ('Epithelial cell|Epithelial cell of breast|Mammary basal cell|KRT6B mammary basal cell', 4.914063076803696)]",,,
SRX21457722,other,vasculature,peripheral nervous system,1.0,False,"[('Germ cell|Oocyte|Mitotic oocyte', 19.094559217610566), ('Fibroblast', 2.843544224562177), ('Fibroblast|PLAC9+ fibroblast', 0.04652857216387052), ('Immune cell|Lymphoid cell|B cell|Plasma cell', -0.0065793199702736975), ('Fibroblast|POSTN fibroblast', -0.0065793199702736975)]",,,
SRX18207837,other,skin,embryo,1.0,False,"[('Immune cell|Hematopoietic precursor cell|MPP', 11.286432905442433), ('Fibroblast', 8.870257295455998), ('Immune cell|Lymphoid cell|B cell|Plasma cell', 8.736025317123415), ('Immune cell|Erythrocyte/Megakaryocyte|Red blood cell', 7.595053501296487), ('Immune cell|Lymphoid cell|T/NK cell|Cycling T/NK cell', 3.7694421188179628)]",,,
SRX17761119,other,skeletal system,embryo,1.0,False,"[('Immune cell|Hematopoietic precursor cell|MPP', 15.3296561367597), ('Immune cell|Lymphoid cell|B cell|Plasma cell', 11.610534668310356), ('Immune cell|Erythrocyte/Megakaryocyte|Red blood cell', 0.9844733298836488), ('Neuron', 0.9844733298836488), ('Immune cell|Myeloid cell|Monocyte|CD14 monocyte|MHCII high CD14 monocyte', -0.07813280395901988)]",,,
SRX22798709,other,blood,blood,1.0,True,"[('Immune cell|Lymphoid cell|B cell|Plasma cell', 17.283307602856222), ('Immune cell|Erythrocyte/Megakaryocyte|Red blood cell|Erythroblast|Late hemoglobin+ erythroblast', 8.019306107380439), ('Immune cell|Erythrocyte/Megakaryocyte|Red blood cell|Erythroblast|Intermediate EPCAM+ erythroblast', 1.6503050792408374), ('Immune cell|Lymphoid cell|T/NK cell|T cell|CD4 T cell|Naive CD4 T cell', 1.6503050792408374), ('Immune cell|Lymphoid cell|T/NK cell|T cell|abT (entry) cell', 1.0713049857736028)]",,,
SRX19325977,other,breast,breast,1.0,True,"[('Epithelial cell|Epithelial cell of breast|Mammary luminal cell|PIP mammary luminal cell', 14.67118935580599), ('Epithelial cell|Epithelial cell of breast|Mammary luminal progenitor|Cycling mammary luminal progenitor', 12.15751299275896), ('Epithelial cell|Epithelial cell of breast|Mammary luminal cell|Secretoglobin mammary luminal cell', 2.8959457797518575), ('Immune cell|Lymphoid cell|T/NK cell|Cycling T/NK cell', 0.18833592875461252), ('Epithelial cell|Epithelial cell of skin|Keratinocyte|Secretory cell', 0.15104102722572646)]",,,
SRX15449735,other,vasculature,peripheral nervous system,1.0,False,"[('Germ cell|Oocyte|Mitotic oocyte', 19.300555336458153), ('Fibroblast', 0.4579407364451018), ('Immune cell|Erythrocyte/Megakaryocyte|Red blood cell', 0.38462316990808687), ('Immune cell|Lymphoid cell|B cell|Plasma cell', 0.09135290376002327), ('Embryonic cell|Trophoblast|Cytotrophoblast|PSG5+ syncytiotrophoblast', 0.01803533722300837)]",,,
SRX18335181,other,skin,skin of body,1.0,False,"[('Endothelial cell|Venous EC', 11.168606918696351), ('Fibroblast|CXCL+ fibroblast', 8.898638405901908), ('Fibroblast|IGFBP6+APOD+ fibroblast', 8.359867519793625), ('Fibroblast|CFD+MGP+ fibroblast', 6.640554545006902), ('Glial cell', 4.259662614484279)]",,,
SRX20809920,other,brain,brain,1.0,True,"[('Fibroblast', 18.313894176012653), ('Immune cell|Erythrocyte/Megakaryocyte|Red blood cell', 4.208392706655387), ('Perivascular cell|Pericyte', 3.314022142475126), ('Immune cell|Lymphoid cell|T/NK cell|Cycling T/NK cell', 2.291884354840541), ('Fibroblast|POSTN fibroblast', 0.9631052309155812)]",,,
SRX21802523,other,large intestine,colon,1.0,False,"[('Epithelial cell|Epithelial cell of intestine|Transit-amplifying cell', 19.312444050958536), ('Epithelial cell|Epithelial cell of stomach|Surface mucous cell|Cycling surface mucous cell|S phase surface mucous cell', 0.07714691365229674), ('Immune cell|Lymphoid cell|B cell|Plasma cell', 0.021446246266275813), ('Immune cell|Erythrocyte/Megakaryocyte|Red blood cell', 0.021446246266275813), ('Immune cell|Lymphoid cell|T/NK cell|Cycling T/NK cell', -0.03425442111974708)]",,,
SRX15157289,other,bone marrow,immune system,1.0,False,"[('Immune cell|Lymphoid cell|T/NK cell|T cell|Cycling DN/DP T cell', 14.252414692610163), ('Immune cell|Lymphoid cell|T/NK cell|T cell|Double negative T cell|Double negative T cell (entry)', 9.775449745676312), ('Immune cell|Lymphoid cell|T/NK cell|T cell|CD8 T cell|Memory CD8 T cell', 4.922620204317042), ('Immune cell|Lymphoid cell|T/NK cell|T cell|gdT cell', 4.780626913089666), ('Immune cell|Lymphoid cell|T/NK cell|T cell|Double negative T cell', 4.488287784092118)]",,,
SRX21157186,other,brain,brain,1.0,True,"[('Neuron', 14.446228104280443), ('Glial cell', 12.761094211880911), ('Glial cell|Glial cell of brain|Oligodendrocyte|Oligodendrocyte progenitor cell', 0.43600864138385026), ('Glial cell|Glial cell of intestine|Cycling glial cell', 0.3220382332022384), ('Neuron|Neuron of brain|Miscellaneous neuron|Splatter neuron', 0.06967518651438614)]",,,
SRX24174472,other,heart,heart,1.0,True,"[('Muscle cell|Cardiomyocyte|Ventricular cardiomyocyte|Fetal ventricular cardiomyocyte', 19.307809897025802), ('Immune cell|Lymphoid cell|B cell|Plasma cell', 0.19105570526701965), ('Fibroblast', 0.19105570526701965), ('Neuron', 0.1622316496922467), ('Fibroblast|Cycling fibroblast', 0.06615146444299665)]",,,
SRX21802522,other,large intestine,colon,1.0,False,"[('Epithelial cell|Epithelial cell of intestine|Transit-amplifying cell', 19.311804097368018), ('Immune cell|Hematopoietic precursor cell|MPP', 0.10882140261343082), ('Epithelial cell|Epithelial cell of intestine|Enterocyte', 0.039329306009976105), ('Immune cell|Lymphoid cell|T/NK cell|Cycling T/NK cell', 0.039329306009976105), ('Immune cell|Erythrocyte/Megakaryocyte|Red blood cell', 0.01616527380882321)]",,,
SRX24146235,other,blood,blood,1.0,True,"[('Immune cell|Lymphoid cell|T/NK cell|T cell|CD8 T cell|Memory CD8 T cell|GZMB CD8 T cell', 18.061497323949144), ('Immune cell|Lymphoid cell|T/NK cell|Cycling T/NK cell', 6.382732005503477), ('Immune cell|Lymphoid cell|T/NK cell|T cell|CD4 T cell|Memory CD4 T cell', 2.019237271139162), ('Immune cell|Lymphoid cell|T/NK cell|T cell|CD8 T cell', 0.8641945473368451), ('Immune cell|Lymphoid cell|T/NK cell|T cell', 0.21715672520684223)]",,,
SRX15455265,other,brain,brain,1.0,True,"[('Fibroblast', 18.554466870701937), ('Neuron', 4.595368185089534), ('Neuron|Neuron of brain|Miscellaneous neuron|Splatter neuron', 1.589426580223147), ('Glial cell|Glial cell of brain|Oligodendrocyte|Oligodendrocyte progenitor cell', 1.3114799249786506), ('Glial cell', 1.3011856044140415)]",,,
SRX18207828,other,skin,embryo,1.0,False,"[('Immune cell|Hematopoietic precursor cell|MPP', 13.184585402238516), ('Immune cell|Lymphoid cell|T/NK cell|Cycling T/NK cell', 10.069841613598951), ('Neuron', 7.004538202556843), ('Immune cell|Erythrocyte/Megakaryocyte|Red blood cell', 5.620207629828152), ('Fibroblast', 3.0493079947605772)]",,,
SRX21157184,other,brain,brain,1.0,True,"[('Neuron', 15.501611079993209), ('Glial cell', 11.461178912992988), ('Glial cell|Glial cell of intestine|Cycling glial cell', 0.3734813384342455), ('Neuron|Neuron of brain|Miscellaneous neuron|Splatter neuron', 0.34216015884509726), ('Immune cell|Lymphoid cell|B cell|Plasma cell', 0.023728166355415293)]",,,
SRX19248908,other,vasculature,vasculature,1.0,True,"[('Immune cell|Lymphoid cell|T/NK cell|NK cell|CD16 NK cell', 11.884898120375782), ('Immune cell|Lymphoid cell|T/NK cell|T cell|CD8 T cell|Memory CD8 T cell|GZMK CD8 T cell', 9.994233766049735), ('Immune cell|Lymphoid cell|T/NK cell|T cell|CD4 T cell|Memory CD4 T cell', 8.015631534778285), ('Immune cell|Lymphoid cell|T/NK cell|T cell|CD4 T cell|Naive CD4 T cell', 5.157650534052859), ('Immune cell|Lymphoid cell|T/NK cell|T cell|CD8 T cell|Memory CD8 T cell|GZMB CD8 T cell', 3.5307998105630025)]",,,
